user_id,user_name
11c602f2-5541-453b-a3e1-dec9b6a273c3,David Anderson
58b3a3b5-f2d8-434b-afff-d0c4d977f081,Jane Miller
ab9f9165-57f6-4306-9a1f-9ebbc70d2400,Grace Taylor
d6ff2fd4-6cb6-4b39-b8dc-df46d3c16fa7,Laura Harris
e940346b-bbfc-4f06-a94d-1adf4e558360,Emma Garcia
3f2c0120-82a1-49eb-91c6-ecb5d0ffc581,David White
f89b5aee-d073-4cec-99c6-2e0f26513833,Brian Anderson
151d61f3-6900-447b-94cf-c904bc1025f2,Michael Johnson
60407612-4daf-4065-8cb2-31e540a6abea,Emma Thomas
9f8b8de2-4517-4797-ad73-63fde4f1e6e8,Brian Thompson
13307de0-c96a-4841-83d3-c6b1fe093e14,Hannah Davis
ef10e49b-6149-4341-8335-e16f96728fed,Alex Smith
9b8ec470-5429-4c59-9b78-c6d7d7256ae8,Robert Robinson
c679f8b3-9aa2-44c2-942d-80e5765d44c0,John Smith
6d3ee316-194b-4a0b-aefb-6367d8ef005c,Grace Wilson
ce794db8-2777-4865-b409-d6b171f43162,Katie Smith
b730dffe-242d-4e3d-b107-4a10827100ee,Robert Williams
b62bdde6-593f-4d2d-8320-29c343705545,Laura Moore
abd124e9-ad07-4575-b847-aba813580e86,Brian Brown
6b30fba9-0ed3-46e1-979f-cbb21263a653,Kevin Davis
d3d669f0-ba28-4fdb-b11c-7a4b7b28dde6,Emily Martin
ac843fe1-87ef-42aa-a379-c4a6c8a547ce,Emily Taylor
1b66ecec-cbf3-4b8a-8c91-07fb04f53331,Jane Taylor
48fd430f-169f-4549-a1ff-f61810b2aee1,Alex Wilson
7d41d6d6-b0ef-42b7-98ac-bbeda2a4e01b,Katie Johnson
6b2e596e-9932-450f-92c5-b46f1d3a151c,Olivia Johnson
cdfccb3a-1e9a-4c11-a2df-78f3db1ab509,James Wilson
ee4c7261-a59e-4656-a63b-767030da3017,Sophia Miller
8866ae0b-0e44-4ff7-8efb-73a2a333c578,Laura Thomas
ca735fed-49cf-4525-b448-3bdaf1db0f45,Brian Robinson
a0bc75af-8566-49e2-860e-e26656840ca1,Brian Moore
f3441ef8-67ec-49b6-a251-914333796e49,Sarah Taylor
2da092e9-d53f-45e4-afeb-b6cf785f5074,Brian Brown
e71bcd4b-6166-4d72-9f9a-2ea9bca46fd5,Katie Wilson
564a4663-3989-4ec2-90e3-f415458562e2,Sarah Martinez
ea1333bc-b598-445e-b497-ae34e7f08d98,Emma Williams
c3ab9534-5cec-4087-883e-9e1a684334f6,Sophia Jackson
6c094d08-f451-4e09-b2f7-d47719c55db2,John Wilson
2d5684e7-5777-4ca8-b2d6-ce86c1430651,Hannah Johnson
b6d48fa8-4c7a-447a-92c3-83183322b02b,Kevin Anderson
225b2c59-4b16-46c8-887e-844cad35eb03,David Moore
8a975c7e-4553-4470-806a-08d819e12f7c,Emma Wilson
23747f8d-723e-4fb9-9ab0-ffa0788406bd,Emma Anderson
4e19e7d6-98c5-4bdf-a65b-54454a561e8e,John Harris
147a2b22-0458-450c-b89a-bba8f380bc12,Chris Thomas
641127ff-1c57-47b0-acca-9dbbe91763f6,Sophia Williams
90c628d9-8c0b-47ae-b744-a71b0446af8e,Hannah Anderson
604a24cb-6055-4661-96c5-22c5d4b0224a,Emma Anderson
066e6611-13f2-4c20-af25-890c64b95042,Brian Davis
0c8a57f0-40c3-4dc4-9966-5c656d7b8363,Hannah Taylor
0c810a97-1bea-4ffd-82d8-3a433092099a,Katie Jackson
6439b84f-2873-4e18-bb03-7b95a5398318,Michael Williams
bfa0e361-c55d-4d3b-9e80-1552f4f0294f,Robert Wilson
3fb95b0e-748f-4335-b3c5-d41a0abf1c7e,Sophia Wilson
4b779722-5d30-40b5-94a4-0d1d8111f0b5,Brian Martinez
cfd4aaba-9a1c-4b08-88d2-89c8f3293995,Jane Martinez
ea2e7447-f2b0-4911-9ff7-3c9c70459fef,Laura Brown
019c8dcd-a16d-40c1-a7a1-9e60cd013763,James Brown
3457a9e3-0eb9-4df4-af2a-10dce4ec2363,John Harris
9428e9ef-6784-41eb-a92b-31cb982fdfa6,John Miller
3e6cdd61-b98d-4c89-941d-a4172f0ddc95,Alex White
3abd2ff5-f920-4fe4-b34b-3d63cefb6be3,Olivia Martin
baf8fbbe-14f4-4379-b2d2-724c15a792d3,Sarah Robinson
dd2cc75d-1e6a-40d4-ad90-e0343236133b,Chris Johnson
27e9b19d-4f1e-48eb-b9a0-daed430f111a,Olivia Thomas
628b7cc3-e797-4d53-9ee8-b1816a873a8c,Alex Jackson
726fa289-8cdf-48bf-8b08-1e92a2f0de16,Michael Thomas
ecb8d252-0adc-4e67-9133-2c9274d5547e,Emily Davis
18085e3f-a081-4aa5-988c-b4213fb1984b,Michael Harris
e25a71bb-1fe8-4702-b2eb-ac17c3db5c45,Robert Martin
a61ecfc0-85ff-4b4f-a317-3a333d09d863,David Moore
60ab2c22-2555-411c-be8a-78415c570689,Jane Moore
4bdfcb78-fede-4a25-9bbe-423d199a9377,Kevin Jones
92b7d0f9-8e68-44c1-a8c1-1acb28599b07,Katie Johnson
e8c5015b-06db-4e16-bc48-a811dde62ee0,Katie Martin
9742af7f-c77f-4ebd-b7e2-40d6e8f65f83,Sophia Smith
70b72b51-3d12-4673-8df1-96556bd38fc6,Michael Brown
0640ac0c-ae21-4f62-886c-36d4172dd561,John White
ac9436ae-5ddf-4f5f-8863-28310c97e463,Jane White
edf172c5-29d2-44a0-8adb-21008f64d571,Brian Brown
ef9a71e4-4e89-49c0-8e8b-e9d207a746df,Chris Martin
b6260fcf-aeab-49f5-bc6a-3f35bf84e04c,Daniel Jones
bbacab2d-ee83-455b-b8c9-8bc05e660c9c,Laura Robinson
8a35e415-9045-4c8b-9fc3-ec698857d28f,Chris Jones
78788bd9-4957-419c-abe3-c64bedca0740,Emma Jones
94809e42-b880-49dc-9a26-da5d8b449acb,James Jones
e75fac0b-96d6-412b-b06e-18abfc85ac30,Emma Jones
8791463e-d128-4a06-bce5-2902ba9cc8a8,Michael Williams
708ed8da-3e7c-4972-895b-df0a82ae03c0,David Williams
48ac894f-b738-468f-b4f6-3e6378c08e38,Sophia Moore
17e7f629-cdc6-4ab5-bb20-be056f53d6a0,Olivia Garcia
d43177a2-7eb1-4f3e-aa72-412205f3f67a,Laura Davis
4e41459a-0a26-4ea6-9be9-4bc6ffff61c3,John Martin
8aa33b9b-d9b6-4e5d-82cd-d158dafafdb4,James Harris
879f8980-60d7-4188-bed9-422eb8663271,Alex Johnson
c6a646d2-3211-468f-abc6-dac12ad22adc,Katie Thompson
1ca873c1-b351-4c75-bf23-bd8f1515a47e,Chris Martinez
e297e8e4-2f4d-4f20-a406-cfdb8ecb5d6c,Daniel White
b0c7bcf9-5e87-46a2-ad8b-29216d844e33,Daniel Thomas
0459e5b7-936c-447a-aad6-690072f5ecc5,Robert Thompson